Comp,Tipo,Formulario,Auto,Operacion,Medico,Fecha,Anterior,Comprado,Actual,Precio/Uni,Total, VPOS
352115,SEDIMEC,Dictámenes Medicos,494490,GHKPK147733,MED4581,2016-10-24 13:44:12.0,0,3,3,2850.00,8550.00,BNCR
397542,SEDIMEC,Dictámenes Licencia,901541,LVCTI148668,MED4581,2017-02-09 17:01:20.0,0,1,1,4700.00,4700.00,BNCR
397896,SEDIMEC,Dictámenes Licencia,626020,WH7SX148675,MED4581,2017-02-10 14:12:32.0,0,1,1,4700.00,4700.00,BNCR
400165,SEDIMEC,Dictámenes Licencia,024309,YZ2DC148727,MED4581,2017-02-16 13:24:43.0,0,1,1,4700.00,4700.00,BNCR
401242,SEDIMEC,Dictámenes Medicos,870994,FSJMH148760,MED4581,2017-02-20 10:36:35.0,0,1,1,2850.00,2850.00,BNCR
401612,SEDIMEC,Dictámenes Medicos,198814,WY1UK148763,MED4581,2017-02-20 19:12:41.0,0,1,1,2850.00,2850.00,BNCR
401971,SEDIMEC,Dictámenes Licencia,781925,E8XKJ148770,MED4581,2017-02-21 13:36:46.0,1,1,2,4700.00,4700.00,BNCR
402439,SEDIMEC,Dictámenes Medicos,505698,Y89IZ148778,MED4581,2017-02-22 11:51:29.0,0,1,1,2850.00,2850.00,BNCR
405183,AJUSTE,Dictámenes Licencia,849099,3Y34H148770,MED4581,2017-02-21 14:32:22.0,1,1,2,4700.00,4700.00,BNCR
414535,SEDIMEC,Dictámenes Medicos,863467,5QBOT149022,MED4581,2017-03-22 17:08:57.0,0,1,1,2850.00,2850.00,BNCR
420910,SEDIMEC,Dictámenes Medicos,857734,5WDQD149142,MED4581,2017-04-05 15:49:10.0,0,1,1,2850.00,2850.00,BNCR
421937,SEDIMEC,Dictámenes Licencia,428444,VI0W5149158,MED4581,2017-04-07 12:26:36.0,2,1,3,4700.00,4700.00,BNCR
431253,SEDIMEC,Dictámenes Medicos,257289,LFTUH149377,MED4581,2017-05-02 18:41:32.0,0,1,1,3000.00,3000.00,BNCR
453120,SEDIMEC,Dictámenes Medicos,268738,OZCXL149782,MED4581,2017-06-18 15:18:01.0,0,1,1,3300.00,3300.00,BNCR
458119,SEDIMEC,Dictámenes Medicos,699437,LZRJB149868,MED4581,2017-06-28 14:10:16.0,0,1,1,3300.00,3300.00,BNCR
462433,SEDIMEC,Dictámenes Medicos,174327,VXSWH149937,MED4581,2017-07-06 16:14:28.0,0,1,1,3300.00,3300.00,BNCR
468772,SEDIMEC,Dictámenes Medicos,231680,OUJA6150048,MED4581,2017-07-19 12:27:45.0,0,1,1,3300.00,3300.00,BNCR
481122,SEDIMEC,Dictámenes Medicos,558126,CUFRD150284,MED4581,2017-08-15 17:58:10.0,0,1,1,3300.00,3300.00,BNCR
481540,SEDIMEC,Dictámenes Medicos,951154,4PH8E150290,MED4581,2017-08-16 12:34:50.0,0,1,1,3300.00,3300.00,BNCR
493885,SEDIMEC,Dictámenes Licencia,002182,RMEGU150517,MED4581,2017-09-11 19:20:31.0,0,1,1,5200.00,5200.00,BNCR
494419,SEDIMEC,Dictámenes Licencia,296421,CVKQ8150525,MED4581,2017-09-12 16:15:07.0,0,1,1,5200.00,5200.00,BNCR
498854,SEDIMEC,Dictámenes Licencia,093167,FIMDQ150602,MED4581,2017-09-21 15:05:33.0,0,1,1,5200.00,5200.00,BNCR
507712,SEDIMEC,Dictámenes Licencia,888458,VZKXD150773,MED4581,2017-10-11 10:09:58.0,0,1,1,5200.00,5200.00,BNCR
513291,SEDIMEC,Dictámenes Licencia,049819,XPKI3150885,MED4581,2017-10-24 08:54:19.0,0,1,1,5200.00,5200.00,BNCR
513508,SEDIMEC,Dictámenes Medicos,162034,DE5ZX150887,MED4581,2017-10-24 13:25:09.0,0,1,1,3300.00,3300.00,BNCR
516819,SEDIMEC,Dictámenes Medicos,510799,RC12C150947,MED4581,2017-10-31 13:40:05.0,0,1,1,3300.00,3300.00,BNCR
519142,SEDIMEC,Dictámenes Licencia,681007,3GXK4150981,MED4581,2017-11-04 10:22:23.0,0,1,1,5200.00,5200.00,BNCR
520071,SEDIMEC,Dictámenes Licencia,785242,VNHMF151000,MED4581,2017-11-06 16:15:54.0,0,1,1,5200.00,5200.00,BNCR
520870,SEDIMEC,Dictámenes Licencia,830625,KDGOB151009,MED4581,2017-11-07 17:47:27.0,1,1,2,5200.00,5200.00,BNCR
526788,SEDIMEC,Dictámenes Licencia,799127,DYYTW151103,MED4581,2017-11-18 14:19:22.0,0,2,2,5200.00,10400.00,BNCR
526826,SEDIMEC,Dictámenes Licencia,628065,UKKBH151104,MED4581,2017-11-18 16:04:39.0,0,1,1,5200.00,5200.00,BNCR
529459,SEDIMEC,Dictámenes Licencia,912174,AA4GH151145,MED4581,2017-11-23 10:05:01.0,0,1,1,5200.00,5200.00,BNCR
531907,SEDIMEC,Dictámenes Licencia,525775,OSGZD151190,MED4581,2017-11-28 16:31:09.0,0,1,1,5200.00,5200.00,BNCR
535827,SEDIMEC,Dictámenes Medicos,022377,MXEJL151250,MED4581,2017-12-05 13:44:20.0,0,1,1,3300.00,3300.00,BNCR
536662,SEDIMEC,Dictámenes Licencia,405329,HDK8Z151258,MED4581,2017-12-06 12:37:05.0,0,1,1,5200.00,5200.00,BNCR
537425,SEDIMEC,Dictámenes Licencia,901898,KLBYQ151267,MED4581,2017-12-07 12:36:06.0,0,1,1,5200.00,5200.00,BNCR
541009,SEDIMEC,Dictámenes Licencia,528365,GSQEM151320,MED4581,2017-12-13 15:47:24.0,0,1,1,5200.00,5200.00,BNCR
541692,SEDIMEC,Dictámenes Licencia,253171,BB389151328,MED4581,2017-12-14 15:47:08.0,0,1,1,5200.00,5200.00,BNCR
542203,SEDIMEC,Dictámenes Licencia,773451,PTWHJ151336,MED4581,2017-12-15 13:29:01.0,0,1,1,5200.00,5200.00,BNCR
542353,SEDIMEC,Dictámenes Licencia,790914,COKHQ151337,MED4581,2017-12-15 16:57:53.0,0,1,1,5200.00,5200.00,BNCR
542393,SEDIMEC,Dictámenes Licencia,013328,AYICB151338,MED4581,2017-12-15 18:25:45.0,0,1,1,5200.00,5200.00,BNCR
542586,SEDIMEC,Dictámenes Licencia,863556,0O1LT151346,MED4581,2017-12-16 16:34:37.0,0,1,1,5200.00,5200.00,BNCR
543974,SEDIMEC,Dictámenes Licencia,455750,I8UZ8151370,MED4581,2017-12-19 12:39:38.0,1,1,2,5200.00,5200.00,BNCR
544696,SEDIMEC,Dictámenes Medicos,483900,RRGND151379,MED4581,2017-12-20 13:26:32.0,0,1,1,3300.00,3300.00,BNCR
545351,SEDIMEC,Dictámenes Medicos,500720,BTJZQ151388,MED4581,2017-12-21 13:54:35.0,0,1,1,3300.00,3300.00,BNCR
545431,SEDIMEC,Dictámenes Medicos,574170,84RX7151389,MED4581,2017-12-21 15:57:00.0,0,1,1,3300.00,3300.00,BNCR
546441,SEDIMEC,Dictámenes Medicos,465360,1XQUQ151431,MED4581,2017-12-26 12:55:38.0,0,1,1,3300.00,3300.00,BNCR
548470,SEDIMEC,Dictámenes Medicos,561040,KTQCU151492,MED4581,2018-01-02 15:35:13.0,0,1,1,3300.00,3300.00,BNCR
548577,SEDIMEC,Dictámenes Licencia,651700,FIK8G151493,MED4581,2018-01-02 18:06:13.0,0,1,1,5200.00,5200.00,BNCR
550540,SEDIMEC,Dictámenes Licencia,392010,PXVS3151525,MED4581,2018-01-06 10:53:24.0,0,1,1,5200.00,5200.00,BNCR
550554,SEDIMEC,Dictámenes Licencia,416180,4CPKX151525,MED4581,2018-01-06 11:33:41.0,0,1,1,5200.00,5200.00,BNCR
552611,SEDIMEC,Dictámenes Licencia,696030,ISVXF151554,MED4581,2018-01-09 19:20:09.0,0,1,1,5200.00,5200.00,BNCR
553935,SEDIMEC,Dictámenes Licencia,610250,EXEYH151571,MED4581,2018-01-11 16:57:10.0,0,1,1,5200.00,5200.00,BNCR
554534,SEDIMEC,Dictámenes Licencia,567360,03AAU151579,MED4581,2018-01-12 15:45:57.0,0,1,1,5200.00,5200.00,BNCR
554733,SEDIMEC,Dictámenes Licencia,389540,RROHV151586,MED4581,2018-01-13 10:49:17.0,0,1,1,5200.00,5200.00,BNCR
555608,SEDIMEC,Dictámenes Licencia,558990,BAAKT151605,MED4581,2018-01-15 15:31:42.0,0,1,1,5200.00,5200.00,BNCR
556361,SEDIMEC,Dictámenes Licencia,578730,7UUMN151614,MED4581,2018-01-16 16:04:38.0,0,1,1,5200.00,5200.00,GREENPAY
556380,SEDIMEC,Dictámenes Licencia,594860,AOSZE151614,MED4581,2018-01-16 16:31:30.0,0,1,1,5200.00,5200.00,GREENPAY
560870,SEDIMEC,Dictámenes Medicos,578950,FZDW5151683,MED4581,2018-01-24 16:04:59.0,1,1,2,3300.00,3300.00,BNCR
564353,SEDIMEC,Dictámenes Licencia,573390,PYCMI151743,MED4581,2018-01-31 15:55:51.0,1,1,2,5200.00,5200.00,BNCR
565505,AJUSTE,Dictámenes Licencia,565520,FXLLS151579,MED4581,2018-01-12 16:40:34.0,1,1,2,5200.00,5200.00,BNCR
568309,SEDIMEC,Dictámenes Medicos,480320,0OXWZ151811,MED4581,2018-02-08 13:20:36.0,1,1,2,3300.00,3300.00,GREENPAY
574626,SEDIMEC,Dictámenes Licencia,338237,WGFZH151915,MED4581,2018-02-20 13:47:34.0,0,1,1,5200.00,5200.00,GREENPAY
574731,SEDIMEC,Dictámenes Licencia,345065,4GHJM151916,MED4581,2018-02-20 15:52:00.0,0,1,1,5200.00,5200.00,GREENPAY
575347,SEDIMEC,Dictámenes Licencia,611664,0AHWK151924,MED4581,2018-02-21 15:13:43.0,0,2,2,5200.00,10400.00,GREENPAY
575424,SEDIMEC,Dictámenes Medicos,006665,BYQMM151925,MED4581,2018-02-21 17:03:13.0,1,1,2,3300.00,3300.00,GREENPAY
577195,SEDIMEC,Dictámenes Licencia,269919,U66DY151966,MED4581,2018-02-26 11:03:35.0,1,4,5,5200.00,20800.00,GREENPAY
578708,SEDIMEC,Dictámenes Licencia,336553,WADRB151984,MED4581,2018-02-28 12:08:39.0,1,2,3,5200.00,10400.00,BNCR
579311,SEDIMEC,Dictámenes Medicos,033316,66YMM151992,MED4581,2018-03-01 11:32:01.0,1,1,2,3300.00,3300.00,BNCR
579954,SEDIMEC,Dictámenes Licencia,920661,OZR0E152001,MED4581,2018-03-02 12:15:00.0,0,1,1,5200.00,5200.00,BNCR
579981,SEDIMEC,Dictámenes Licencia,527679,5ZOSC152001,MED4581,2018-03-02 12:49:47.0,0,1,1,5200.00,5200.00,BNCR
586821,SEDIMEC,Dictámenes Licencia,917607,UG2WS152114,MED4581,2018-03-15 14:48:37.0,0,1,1,5200.00,5200.00,BNCR
586834,SEDIMEC,Dictámenes Medicos,802629,MIQKX152114,MED4581,2018-03-15 14:55:34.0,0,1,1,3300.00,3300.00,BNCR
586864,SEDIMEC,Dictámenes Licencia,593102,M5ILS152114,MED4581,2018-03-15 15:35:46.0,0,1,1,5200.00,5200.00,BNCR
587376,SEDIMEC,Dictámenes Licencia,680976,JATA5152122,MED4581,2018-03-16 13:06:04.0,1,1,2,5200.00,5200.00,BNCR
587381,SEDIMEC,Dictámenes Medicos,798053,XQAED152122,MED4581,2018-03-16 13:10:55.0,0,1,1,3300.00,3300.00,BNCR
588212,SEDIMEC,Dictámenes Medicos,303184,ONAJF152147,MED4581,2018-03-19 11:13:07.0,0,1,1,3300.00,3300.00,BNCR
589319,SEDIMEC,Dictámenes Licencia,231412,DXLBU152158,MED4581,2018-03-20 16:34:12.0,0,1,1,5200.00,5200.00,BNCR
589837,SEDIMEC,Dictámenes Licencia,108827,LARE1152165,MED4581,2018-03-21 13:02:54.0,1,1,2,5200.00,5200.00,BNCR
589839,SEDIMEC,Dictámenes Medicos,053597,BPJLK152165,MED4581,2018-03-21 13:04:15.0,0,1,1,3300.00,3300.00,BNCR
598764,SEDIMEC,Dictámenes Licencia,037034,9JVVO152356,MED4581,2018-04-12 14:28:56.0,0,1,1,5200.00,5200.00,BNCR
604226,SEDIMEC,Dictámenes Licencia,243896,0FQCE152451,MED4581,2018-04-23 13:30:13.0,0,1,1,5200.00,5200.00,BNCR
604424,SEDIMEC,Dictámenes Licencia,260880,KMBU6152452,MED4581,2018-04-23 17:02:23.0,0,1,1,5200.00,5200.00,BNCR
604813,SEDIMEC,Dictámenes Medicos,418144,VCLYG152458,MED4581,2018-04-24 10:58:39.0,0,1,1,3300.00,3300.00,BNCR
604924,SEDIMEC,Dictámenes Licencia,419187,PBXK7152459,MED4581,2018-04-24 13:08:54.0,0,1,1,5200.00,5200.00,BNCR
604927,SEDIMEC,Dictámenes Licencia,380889,GLP98152459,MED4581,2018-04-24 13:13:09.0,1,1,2,5200.00,5200.00,BNCR
605990,SEDIMEC,Dictámenes Licencia,228189,A63C8152475,MED4581,2018-04-26 10:05:09.0,0,1,1,5200.00,5200.00,BNCR
606022,SEDIMEC,Dictámenes Licencia,451425,ICX1R152476,MED4581,2018-04-26 10:39:49.0,0,1,1,5200.00,5200.00,BNCR
606259,SEDIMEC,Dictámenes Licencia,897188,UQFTW152477,MED4581,2018-04-26 15:55:51.0,0,1,1,5200.00,5200.00,BNCR
608535,SEDIMEC,Dictámenes Licencia,676790,DLYYH152529,MED4581,2018-05-02 14:08:57.0,0,1,1,5200.00,5200.00,BNCR
609248,SEDIMEC,Dictámenes Licencia,259983,OGDH1152537,MED4581,2018-05-03 14:23:47.0,0,1,1,5200.00,5200.00,BNCR
613121,SEDIMEC,Dictámenes Licencia,778765,1LXWI152606,MED4581,2018-05-11 13:10:35.0,0,1,1,5200.00,5200.00,GREENPAY
613150,SEDIMEC,Dictámenes Licencia,781024,GEFWN152606,MED4581,2018-05-11 13:39:15.0,0,1,1,5200.00,5200.00,GREENPAY
615456,SEDIMEC,Dictámenes Licencia,70957,YN4F1152649,MED4581,2018-05-16 12:08:18.0,0,1,1,5200.00,5200.00,GREENPAY
615457,SEDIMEC,Dictámenes Medicos,71007,U36RJ152649,MED4581,2018-05-16 12:08:54.0,0,1,1,3300.00,3300.00,GREENPAY
616197,SEDIMEC,Dictámenes Licencia,245827,QJ223152658,MED4581,2018-05-17 14:30:13.0,0,1,1,5200.00,5200.00,BNCR
616296,SEDIMEC,Dictámenes Licencia,837569,ISILU152659,MED4581,2018-05-17 16:57:35.0,0,1,1,5200.00,5200.00,BNCR
617666,SEDIMEC,Dictámenes Medicos,912224,GCTLZ152692,MED4581,2018-05-21 11:35:18.0,0,1,1,3300.00,3300.00,BNCR
618481,SEDIMEC,Dictámenes Licencia,607738,B4W8S152701,MED4581,2018-05-22 12:39:34.0,0,1,1,5200.00,5200.00,BNCR
618637,SEDIMEC,Dictámenes Licencia,444172,07VKW152702,MED4581,2018-05-22 15:58:54.0,1,1,2,5200.00,5200.00,GREENPAY
619133,SEDIMEC,Dictámenes Licencia,906404,90KRG152710,MED4581,2018-05-23 13:24:23.0,0,1,1,5200.00,5200.00,BNCR
619809,SEDIMEC,Dictámenes Licencia,899746,J1PIU152719,MED4581,2018-05-24 15:00:06.0,0,1,1,5200.00,5200.00,BNCR
621393,SEDIMEC,Dictámenes Licencia,289193,OJHU8152755,MED4581,2018-05-28 18:19:02.0,0,1,1,5200.00,5200.00,BNCR
622273,SEDIMEC,Dictámenes Licencia,884696,NO0MD152769,MED4581,2018-05-30 09:44:43.0,0,1,1,5200.00,5200.00,GREENPAY
622370,SEDIMEC,Dictámenes Licencia,892757,TUBXY152770,MED4581,2018-05-30 11:43:18.0,0,1,1,5200.00,5200.00,GREENPAY
622371,SEDIMEC,Dictámenes Medicos,892822,5QTKL152770,MED4581,2018-05-30 11:44:11.0,0,1,1,3300.00,3300.00,GREENPAY
622531,SEDIMEC,Dictámenes Medicos,908887,CJRL2152771,MED4581,2018-05-30 15:10:31.0,0,1,1,3300.00,3300.00,GREENPAY
623603,SEDIMEC,Dictámenes Licencia,974410,9OGIO152787,MED4581,2018-06-01 12:45:25.0,0,1,1,5200.00,5200.00,BNCR
624167,SEDIMEC,Dictámenes Medicos,780185,XF4AQ152805,MED4581,2018-06-03 13:46:25.0,0,1,1,3300.00,3300.00,BNCR
629520,SEDIMEC,Dictámenes Licencia,429286,KC0LY152883,MED4581,2018-06-12 15:10:49.0,0,1,1,5200.00,5200.00,BNCR
629542,SEDIMEC,Dictámenes Licencia,070269,9JRV4152883,MED4581,2018-06-12 15:46:46.0,0,1,1,5200.00,5200.00,BNCR
630709,SEDIMEC,Dictámenes Licencia,343779,ENYDH152899,MED4581,2018-06-14 11:44:27.0,0,1,1,5200.00,5200.00,BNCR
630729,SEDIMEC,Dictámenes Licencia,199637,QW8S7152899,MED4581,2018-06-14 12:06:15.0,0,1,1,5200.00,5200.00,BNCR
630950,SEDIMEC,Dictámenes Licencia,871208,BZ9TE152901,MED4581,2018-06-14 17:20:23.0,0,1,1,5200.00,5200.00,BNCR
632349,SEDIMEC,Dictámenes Licencia,798020,VSRIK152935,MED4581,2018-06-18 14:17:40.0,0,1,1,5200.00,5200.00,BNCR
633712,SEDIMEC,Dictámenes Licencia,323286,SVMLC152951,MED4581,2018-06-20 11:10:05.0,0,1,1,5200.00,5200.00,BNCR
633920,SEDIMEC,Dictámenes Licencia,318879,BFQCF152953,MED4581,2018-06-20 15:57:28.0,0,1,1,5200.00,5200.00,BNCR
634882,SEDIMEC,Dictámenes Licencia,406226,NWVSG152968,MED4581,2018-06-22 11:18:27.0,0,1,1,5200.00,5200.00,BNCR
638260,SEDIMEC,Dictámenes Licencia,094963,9GU0V153029,MED4581,2018-06-29 11:36:28.0,0,1,1,5200.00,5200.00,BNCR
638268,SEDIMEC,Dictámenes Licencia,291103,0AGJS153029,MED4581,2018-06-29 12:03:01.0,0,1,1,5200.00,5200.00,BNCR
638274,SEDIMEC,Dictámenes Licencia,062691,DQKBJ153029,MED4581,2018-06-29 12:11:51.0,1,1,2,5200.00,5200.00,BNCR
639220,SEDIMEC,Dictámenes Licencia,853717,L4LWV153055,MED4581,2018-07-02 11:46:55.0,0,1,1,5200.00,5200.00,BNCR
639536,SEDIMEC,Dictámenes Licencia,998815,9MFLT153057,MED4581,2018-07-02 17:11:26.0,0,1,1,5200.00,5200.00,BNCR
641358,SEDIMEC,Dictámenes Licencia,350920,JNWXU153081,MED4581,2018-07-05 12:11:04.0,0,1,1,5200.00,5200.00,BNCR
642002,SEDIMEC,Dictámenes Licencia,980447,KARF2153089,MED4581,2018-07-06 11:38:46.0,0,1,1,5200.00,5200.00,BNCR
642056,SEDIMEC,Dictámenes Licencia,055261,C3FSN153090,MED4581,2018-07-06 12:47:18.0,0,1,1,5200.00,5200.00,BNCR
642913,SEDIMEC,Dictámenes Licencia,846978,CYTTL153115,MED4581,2018-07-09 11:04:37.0,0,1,1,5200.00,5200.00,BNCR
643830,SEDIMEC,Dictámenes Licencia,736961,SEY8Z153124,MED4581,2018-07-10 13:02:31.0,0,1,1,5200.00,5200.00,BNCR
648342,SEDIMEC,Dictámenes Licencia,295021,Y5MLP153195,MED4581,2018-07-18 15:52:43.0,0,1,1,5200.00,5200.00,BNCR
648745,SEDIMEC,Dictámenes Medicos,041291,EIQF5153202,MED4581,2018-07-19 11:08:08.0,0,1,1,3300.00,3300.00,BNCR
649565,SEDIMEC,Dictámenes Medicos,227030,8PGC2153212,MED4581,2018-07-20 16:13:07.0,0,1,1,3300.00,3300.00,BNCR
650440,SEDIMEC,Dictámenes Licencia,372618,GYCY3153238,MED4581,2018-07-23 15:22:11.0,0,1,1,5200.00,5200.00,BNCR
650984,SEDIMEC,Dictámenes Licencia,590407,PFCJB153245,MED4581,2018-07-24 12:55:35.0,0,1,1,5200.00,5200.00,BNCR
651705,SEDIMEC,Dictámenes Licencia,454160,U9OIL153263,MED4581,2018-07-26 12:37:11.0,0,1,1,5200.00,5200.00,BNCR
651727,SEDIMEC,Dictámenes Medicos,979799,LTZKN153263,MED4581,2018-07-26 13:09:13.0,0,1,1,3300.00,3300.00,BNCR
652387,SEDIMEC,Dictámenes Medicos,350818,IBPCS153272,MED4581,2018-07-27 15:26:47.0,0,1,1,3300.00,3300.00,BNCR
652406,SEDIMEC,Dictámenes Licencia,835076,5ZG0X153272,MED4581,2018-07-27 16:07:52.0,0,1,1,5200.00,5200.00,BNCR
653469,SEDIMEC,Dictámenes Licencia,705208,6FXHC153299,MED4581,2018-07-30 16:59:37.0,0,1,1,5200.00,5200.00,BNCR
654815,SEDIMEC,Dictámenes Licencia,608515,HNHCO153316,MED4581,2018-08-01 17:17:01.0,0,1,1,5200.00,5200.00,BNCR
655669,SEDIMEC,Dictámenes Licencia,217184,UMDNJ153332,MED4581,2018-08-03 14:19:20.0,0,1,1,5200.00,5200.00,BNCR
657063,SEDIMEC,Dictámenes Licencia,167476,DX9KS153360,MED4581,2018-08-06 18:40:14.0,0,1,1,5200.00,5200.00,BNCR
658196,SEDIMEC,Dictámenes Licencia,106742,YYG1Y153374,MED4581,2018-08-08 11:10:55.0,0,1,1,5200.00,5200.00,GREENPAY
658218,SEDIMEC,Dictámenes Licencia,170874,MBSXD153374,MED4581,2018-08-08 11:33:29.0,0,1,1,5200.00,5200.00,GREENPAY
658333,SEDIMEC,Dictámenes Medicos,532925,DNBOM153375,MED4581,2018-08-08 13:49:42.0,0,1,1,3300.00,3300.00,GREENPAY
660774,SEDIMEC,Dictámenes Licencia,133165,MGLD6153419,MED4581,2018-08-13 16:14:28.0,0,2,2,5200.00,10400.00,BNCR
660825,SEDIMEC,Dictámenes Licencia,823401,YX0VO153420,MED4581,2018-08-13 17:13:32.0,0,1,1,5200.00,5200.00,BNCR
661426,SEDIMEC,Dictámenes Licencia,355483,SAKUG153428,MED4581,2018-08-14 15:14:44.0,0,1,1,5200.00,5200.00,BNCR
661682,SEDIMEC,Dictámenes Licencia,106654,TLMOM153437,MED4581,2018-08-15 16:11:52.0,0,2,2,5200.00,10400.00,BNCR
662781,SEDIMEC,Dictámenes Licencia,636099,U1G5Z153452,MED4581,2018-08-17 10:53:56.0,0,2,2,5200.00,10400.00,BNCR
662800,SEDIMEC,Dictámenes Licencia,853007,KJXOH153452,MED4581,2018-08-17 11:16:01.0,1,1,2,5200.00,5200.00,BNCR
663973,SEDIMEC,Dictámenes Licencia,067961,M1JEA153479,MED4581,2018-08-20 12:34:44.0,0,1,1,5200.00,5200.00,BNCR
664197,SEDIMEC,Dictámenes Licencia,002499,URYOI153480,MED4581,2018-08-20 15:53:04.0,0,2,2,5200.00,10400.00,BNCR
667297,SEDIMEC,Dictámenes Medicos,266904,LVB6U153530,MED4581,2018-08-26 11:00:24.0,0,1,1,3300.00,3300.00,BNCR
667857,SEDIMEC,Dictámenes Licencia,430863,2F5GG153539,MED4581,2018-08-27 13:48:22.0,1,1,2,5200.00,5200.00,BNCR
668992,SEDIMEC,Dictámenes Licencia,031220,ASJB6153555,MED4581,2018-08-29 09:14:24.0,0,1,1,5200.00,5200.00,BNCR
669109,SEDIMEC,Dictámenes Medicos,235948,5WZYT153556,MED4581,2018-08-29 11:31:18.0,0,1,1,3300.00,3300.00,BNCR
669129,SEDIMEC,Dictámenes Licencia,604725,QUKAV153556,MED4581,2018-08-29 11:57:33.0,0,1,1,5200.00,5200.00,BNCR
671445,SEDIMEC,Dictámenes Licencia,376770,J2NWD153599,MED4581,2018-09-03 10:40:35.0,0,1,1,5200.00,5200.00,BNCR
671839,SEDIMEC,Dictámenes Licencia,927480,EJFQW153601,MED4581,2018-09-03 16:24:46.0,0,1,1,5200.00,5200.00,BNCR
672236,SEDIMEC,Dictámenes Licencia,061569,B5SSA153607,MED4581,2018-09-04 09:47:45.0,0,1,1,5200.00,5200.00,BNCR
672297,SEDIMEC,Dictámenes Licencia,913017,MHHC1153607,MED4581,2018-09-04 10:40:04.0,0,1,1,5200.00,5200.00,BNCR
672397,SEDIMEC,Dictámenes Licencia,063580,T4CZ1153608,MED4581,2018-09-04 12:21:27.0,0,1,1,5200.00,5200.00,BNCR
672882,AJUSTE,Dictámenes Licencia,822243,EFJ2K153374,MED4581,2018-08-08 12:01:38.0,0,1,1,5200.00,5200.00,BNCR
672886,AJUSTE,Dictámenes Licencia,838288,RUCCW153374,MED4581,2018-08-08 12:06:34.0,1,1,2,5200.00,5200.00,BNCR
672889,AJUSTE,Dictámenes Licencia,917030,83VFR153374,MED4581,2018-08-08 12:31:59.0,2,1,3,5200.00,5200.00,BNCR
675782,SEDIMEC,Dictámenes Medicos,782422,EWZZW153668,MED4581,2018-09-11 09:55:36.0,0,1,1,3300.00,3300.00,BNCR
676131,SEDIMEC,Dictámenes Licencia,619584,POZOT153670,MED4581,2018-09-11 17:10:33.0,0,2,2,5200.00,10400.00,BNCR
676674,SEDIMEC,Dictámenes Licencia,184694,GXNJW153679,MED4581,2018-09-12 16:45:36.0,0,1,1,5200.00,5200.00,BNCR
677067,SEDIMEC,Dictámenes Licencia,751839,C1IKE153686,MED4581,2018-09-13 12:50:03.0,0,2,2,5200.00,10400.00,BNCR
677102,SEDIMEC,Dictámenes Licencia,725485,7DHNG153686,MED4581,2018-09-13 13:52:24.0,0,1,1,5200.00,5200.00,BNCR
678469,SEDIMEC,Dictámenes Licencia,742146,55IUO153721,MED4581,2018-09-17 13:19:27.0,0,1,1,5200.00,5200.00,BNCR
678498,SEDIMEC,Dictámenes Licencia,674722,IONPV153721,MED4581,2018-09-17 13:59:28.0,0,1,1,5200.00,5200.00,BNCR
679053,SEDIMEC,Dictámenes Licencia,635254,BYFIJ153729,MED4581,2018-09-18 11:02:48.0,0,1,1,5200.00,5200.00,BNCR
679080,SEDIMEC,Dictámenes Licencia,043492,JJFVL153729,MED4581,2018-09-18 11:38:58.0,0,1,1,5200.00,5200.00,BNCR
679221,SEDIMEC,Dictámenes Licencia,092823,PHPUX153730,MED4581,2018-09-18 14:47:35.0,1,1,2,5200.00,5200.00,BNCR
681537,SEDIMEC,Dictámenes Licencia,490305,YVGK1153780,MED4581,2018-09-24 09:37:37.0,0,1,1,5200.00,5200.00,BNCR
681562,SEDIMEC,Dictámenes Licencia,226673,FVYLN153780,MED4581,2018-09-24 09:58:50.0,0,1,1,5200.00,5200.00,BNCR
683244,SEDIMEC,Dictámenes Licencia,173990,HTKQU153800,MED4581,2018-09-26 17:46:36.0,1,1,2,5200.00,5200.00,BNCR
686373,SEDIMEC,Dictámenes Licencia,507018,2RPQL153851,MED4581,2018-10-02 14:32:45.0,0,1,1,5200.00,5200.00,BNCR
686460,SEDIMEC,Dictámenes Licencia,216961,VSWKN153851,MED4581,2018-10-02 15:55:13.0,0,1,1,5200.00,5200.00,BNCR
686879,SEDIMEC,Dictámenes Licencia,286701,3WC5N153858,MED4581,2018-10-03 10:42:30.0,0,1,1,5200.00,5200.00,BNCR
687052,SEDIMEC,Dictámenes Licencia,738173,O1GHR153859,MED4581,2018-10-03 13:25:32.0,0,1,1,5200.00,5200.00,BNCR
689362,SEDIMEC,Dictámenes Licencia,471368,JVCLH153902,MED4581,2018-10-08 13:40:57.0,0,1,1,5200.00,5200.00,BNCR
689540,SEDIMEC,Dictámenes Licencia,628139,TH8RF153903,MED4581,2018-10-08 16:36:17.0,0,1,1,5200.00,5200.00,BNCR
691007,SEDIMEC,Dictámenes Licencia,804385,YP6SX153921,MED4581,2018-10-10 16:42:44.0,0,1,1,5200.00,5200.00,BNCR
692722,SEDIMEC,Dictámenes Licencia,651943,7CUJY153962,MED4581,2018-10-15 12:34:34.0,0,1,1,5200.00,5200.00,GREENPAY
692733,SEDIMEC,Dictámenes Licencia,484821,XFDT9153963,MED4581,2018-10-15 13:03:06.0,0,1,1,5200.00,5200.00,GREENPAY
692780,SEDIMEC,Dictámenes Licencia,653487,SOODA153963,MED4581,2018-10-15 14:25:22.0,0,1,1,5200.00,5200.00,GREENPAY
693677,SEDIMEC,Dictámenes Licencia,233079,PTJOS153972,MED4581,2018-10-16 15:22:50.0,0,2,2,5200.00,10400.00,GREENPAY
693828,SEDIMEC,Dictámenes Licencia,321346,SY56B153973,MED4581,2018-10-16 18:07:43.0,0,1,1,5200.00,5200.00,BNCR
694617,SEDIMEC,Dictámenes Licencia,075709,38SH4153981,MED4581,2018-10-17 17:11:14.0,0,1,1,5200.00,5200.00,BNCR
695193,SEDIMEC,Dictámenes Licencia,637277,JXH7K153989,MED4581,2018-10-18 14:39:01.0,0,1,1,5200.00,5200.00,BNCR
695901,SEDIMEC,Dictámenes Licencia,704982,T7W0N153998,MED4581,2018-10-19 15:01:50.0,0,1,1,5200.00,5200.00,BNCR
695982,SEDIMEC,Dictámenes Licencia,026164,WMKPW153998,MED4581,2018-10-19 16:52:30.0,0,1,1,5200.00,5200.00,BNCR
698817,SEDIMEC,Dictámenes Licencia,967212,IKBJ7154042,MED4581,2018-10-24 16:47:38.0,0,1,1,5200.00,5200.00,GREENPAY
699457,SEDIMEC,Dictámenes Medicos,520466,7VPWF154050,MED4581,2018-10-25 15:22:22.0,0,1,1,3300.00,3300.00,GREENPAY
699978,SEDIMEC,Dictámenes Licencia,548232,Z0LYC154057,MED4581,2018-10-26 12:34:16.0,1,1,2,5200.00,5200.00,GREENPAY
701276,SEDIMEC,Dictámenes Licencia,296222,WG0LC154084,MED4581,2018-10-29 13:33:15.0,0,2,2,5200.00,10400.00,GREENPAY
701537,SEDIMEC,Dictámenes Licencia,743311,HTS6P154085,MED4581,2018-10-29 17:04:58.0,0,1,1,5200.00,5200.00,GREENPAY
702073,SEDIMEC,Dictámenes Licencia,963485,OXFYF154091,MED4581,2018-10-30 11:19:03.0,0,1,1,5200.00,5200.00,GREENPAY
702111,SEDIMEC,Dictámenes Licencia,836891,JZIWB154092,MED4581,2018-10-30 11:44:15.0,0,1,1,5200.00,5200.00,GREENPAY
703037,SEDIMEC,Dictámenes Licencia,539616,C8IV7154101,MED4581,2018-10-31 13:15:53.0,0,1,1,5200.00,5200.00,GREENPAY
703977,SEDIMEC,Dictámenes Licencia,346505,M3V9S154110,MED4581,2018-11-01 15:22:51.0,0,1,1,5200.00,5200.00,GREENPAY
704536,SEDIMEC,Dictámenes Licencia,887429,ERKV0154118,MED4581,2018-11-02 12:18:08.0,0,2,2,5200.00,10400.00,GREENPAY
704840,AJUSTE,Dictámenes Licencia,276621,I45JO154042,MED4581,2018-10-24 17:36:44.0,0,1,1,5200.00,5200.00,BNCR
705651,SEDIMEC,Dictámenes Licencia,138749,BLCJF154143,MED4581,2018-11-05 11:10:08.0,0,1,1,5200.00,5200.00,GREENPAY
705697,SEDIMEC,Dictámenes Licencia,582876,8S8WH154143,MED4581,2018-11-05 11:42:00.0,0,1,1,5200.00,5200.00,GREENPAY
705990,SEDIMEC,Dictámenes Licencia,70127,55FHU154145,MED4581,2018-11-05 15:44:46.0,0,1,1,5200.00,5200.00,GREENPAY
706682,SEDIMEC,Dictámenes Licencia,608491,Z71LQ154153,MED4581,2018-11-06 14:10:24.0,0,1,1,5200.00,5200.00,GREENPAY
707326,SEDIMEC,Dictámenes Licencia,336174,5VJJJ154161,MED4581,2018-11-07 12:33:37.0,0,1,1,5200.00,5200.00,GREENPAY
707328,SEDIMEC,Dictámenes Licencia,432725,HNYZJ154161,MED4581,2018-11-07 12:35:01.0,1,1,2,5200.00,5200.00,GREENPAY
709154,SEDIMEC,Dictámenes Licencia,413519,C7SL5154187,MED4581,2018-11-10 13:10:52.0,0,1,1,5200.00,5200.00,GREENPAY
709191,SEDIMEC,Dictámenes Licencia,697652,3GMBF154188,MED4581,2018-11-10 14:27:30.0,0,1,1,5200.00,5200.00,GREENPAY
710101,SEDIMEC,Dictámenes Licencia,954026,IHDCM154206,MED4581,2018-11-12 16:26:09.0,1,1,2,5200.00,5200.00,GREENPAY
711440,SEDIMEC,Dictámenes Licencia,769970,ZG6W7154221,MED4581,2018-11-14 12:12:49.0,0,1,1,5200.00,5200.00,GREENPAY
711477,SEDIMEC,Dictámenes Licencia,874007,HLORW154222,MED4581,2018-11-14 13:02:36.0,0,1,1,5200.00,5200.00,GREENPAY
711700,SEDIMEC,Dictámenes Licencia,225675,S2G3T154223,MED4581,2018-11-14 16:45:16.0,1,1,2,5200.00,5200.00,GREENPAY
715585,SEDIMEC,Dictámenes Licencia,552734,WDFEC154282,MED4581,2018-11-21 11:56:44.0,0,1,1,5200.00,5200.00,GREENPAY
715610,SEDIMEC,Dictámenes Licencia,669228,BWKKN154282,MED4581,2018-11-21 12:27:23.0,0,1,1,5200.00,5200.00,GREENPAY
716368,SEDIMEC,Dictámenes Licencia,1509,2DTT8154291,MED4581,2018-11-22 14:03:14.0,1,1,2,5200.00,5200.00,GREENPAY
717165,SEDIMEC,Dictámenes Licencia,138019,NK2OA154307,MED4581,2018-11-24 09:27:33.0,1,1,2,5200.00,5200.00,GREENPAY
718026,SEDIMEC,Dictámenes Licencia,363506,I38DD154326,MED4581,2018-11-26 14:43:06.0,0,1,1,5200.00,5200.00,GREENPAY
718799,SEDIMEC,Dictámenes Licencia,889485,OZR1Q154335,MED4581,2018-11-27 15:09:04.0,0,1,1,5200.00,5200.00,GREENPAY
718843,SEDIMEC,Dictámenes Licencia,882783,NWQOK154335,MED4581,2018-11-27 16:06:19.0,0,1,1,5200.00,5200.00,GREENPAY
719507,SEDIMEC,Dictámenes Licencia,565133,JGEGM154343,MED4581,2018-11-28 15:04:13.0,0,1,1,5200.00,5200.00,GREENPAY
719530,SEDIMEC,Dictámenes Licencia,756573,WAYEW154343,MED4581,2018-11-28 15:20:20.0,1,1,2,5200.00,5200.00,GREENPAY
719595,SEDIMEC,Dictámenes Licencia,54371,IHLWB154344,MED4581,2018-11-28 16:31:07.0,0,1,1,5200.00,5200.00,GREENPAY
719815,SEDIMEC,Dictámenes Medicos,547581,FSRHE154349,MED4581,2018-11-29 07:47:56.0,0,1,1,3300.00,3300.00,GREENPAY
720643,SEDIMEC,Dictámenes Licencia,699581,KPTZB154359,MED4581,2018-11-30 10:57:24.0,0,1,1,5200.00,5200.00,GREENPAY
720669,SEDIMEC,Dictámenes Licencia,268875,P5SWB154359,MED4581,2018-11-30 11:21:43.0,0,1,1,5200.00,5200.00,GREENPAY
720773,SEDIMEC,Dictámenes Licencia,406304,6YZGI154360,MED4581,2018-11-30 13:24:26.0,0,1,1,5200.00,5200.00,GREENPAY
722167,SEDIMEC,Dictámenes Licencia,43668,ROV6P154387,MED4581,2018-12-03 14:57:49.0,0,2,2,5200.00,10400.00,GREENPAY
723041,SEDIMEC,Dictámenes Licencia,668133,73KXR154395,MED4581,2018-12-04 13:18:49.0,0,1,1,5200.00,5200.00,GREENPAY
723049,SEDIMEC,Dictámenes Licencia,696753,BNPVG154395,MED4581,2018-12-04 13:27:16.0,1,1,2,5200.00,5200.00,GREENPAY
723969,SEDIMEC,Dictámenes Licencia,234977,DH9RX154403,MED4581,2018-12-05 13:48:12.0,1,1,2,5200.00,5200.00,GREENPAY
723996,SEDIMEC,Dictámenes Licencia,550178,TNXKN154404,MED4581,2018-12-05 14:19:01.0,1,1,2,5200.00,5200.00,GREENPAY
724160,SEDIMEC,Dictámenes Medicos,538067,PIQDJ154405,MED4581,2018-12-05 17:09:48.0,0,1,1,3300.00,3300.00,GREENPAY
724804,SEDIMEC,Dictámenes Licencia,961549,DNHR0154412,MED4581,2018-12-06 14:25:42.0,2,1,3,5200.00,5200.00,GREENPAY
725744,SEDIMEC,Dictámenes Medicos,570498,4HIGP154422,MED4581,2018-12-07 18:23:28.0,0,1,1,3300.00,3300.00,GREENPAY
726002,SEDIMEC,Dictámenes Medicos,156478,KZRZE154431,MED4581,2018-12-08 17:43:02.0,0,1,1,3300.00,3300.00,GREENPAY
726868,SEDIMEC,Dictámenes Licencia,58107,AC82G154447,MED4581,2018-12-10 14:02:28.0,0,1,1,5200.00,5200.00,GREENPAY
727683,SEDIMEC,Dictámenes Licencia,823861,LWOZX154455,MED4581,2018-12-11 11:46:05.0,0,1,1,5200.00,5200.00,GREENPAY
728013,SEDIMEC,Dictámenes Licencia,74874,9ITN0154457,MED4581,2018-12-11 17:23:30.0,0,1,1,5200.00,5200.00,GREENPAY
728499,SEDIMEC,Dictámenes Medicos,260241,QHFPO154463,MED4581,2018-12-12 11:37:53.0,0,1,1,3300.00,3300.00,GREENPAY
728560,SEDIMEC,Dictámenes Medicos,535092,LMEZO154463,MED4581,2018-12-12 12:34:38.0,0,1,1,3300.00,3300.00,GREENPAY
728640,SEDIMEC,Dictámenes Medicos,860350,P582O154464,MED4581,2018-12-12 13:51:20.0,0,1,1,3300.00,3300.00,GREENPAY
728663,SEDIMEC,Dictámenes Licencia,711196,IUH0Z154464,MED4581,2018-12-12 14:15:11.0,0,1,1,5200.00,5200.00,GREENPAY
729387,SEDIMEC,Dictámenes Licencia,122306,ROKO6154472,MED4581,2018-12-13 13:16:39.0,0,2,2,5200.00,10400.00,GREENPAY
729881,SEDIMEC,Dictámenes Licencia,356407,VCPYM154480,MED4581,2018-12-14 09:16:45.0,1,1,2,5200.00,5200.00,GREENPAY
729948,SEDIMEC,Dictámenes Licencia,372009,QDPBW154480,MED4581,2018-12-14 10:17:45.0,1,1,2,5200.00,5200.00,GREENPAY
730128,SEDIMEC,Dictámenes Licencia,981917,2HS1M154481,MED4581,2018-12-14 13:20:36.0,0,2,2,5200.00,10400.00,GREENPAY
731823,SEDIMEC,Dictámenes Licencia,802215,CIAMK154508,MED4581,2018-12-17 15:55:51.0,0,2,2,5200.00,10400.00,GREENPAY
731824,SEDIMEC,Dictámenes Licencia,170012,SQC6Z154508,MED4581,2018-12-17 15:56:44.0,2,1,3,5200.00,5200.00,GREENPAY
732521,SEDIMEC,Dictámenes Licencia,537538,SEPR7154515,MED4581,2018-12-18 10:47:27.0,0,2,2,5200.00,10400.00,GREENPAY
732587,SEDIMEC,Dictámenes Licencia,606639,UWEUV154515,MED4581,2018-12-18 11:23:19.0,0,2,2,5200.00,10400.00,GREENPAY
732636,SEDIMEC,Dictámenes Licencia,232012,FDSVB154515,MED4581,2018-12-18 12:02:03.0,0,1,1,5200.00,5200.00,GREENPAY
732906,SEDIMEC,Dictámenes Licencia,795768,VVBP5154516,MED4581,2018-12-18 15:18:13.0,0,1,1,5200.00,5200.00,GREENPAY
732964,SEDIMEC,Dictámenes Licencia,277916,QQRS6154517,MED4581,2018-12-18 16:13:20.0,0,2,2,5200.00,10400.00,GREENPAY
733632,SEDIMEC,Dictámenes Licencia,924419,P5OQ4154524,MED4581,2018-12-19 12:19:36.0,1,2,3,5200.00,10400.00,GREENPAY
734545,SEDIMEC,Dictámenes Licencia,161623,HEDHQ154532,MED4581,2018-12-20 11:56:11.0,0,2,2,5200.00,10400.00,GREENPAY
734638,SEDIMEC,Dictámenes Licencia,417525,1N99B154533,MED4581,2018-12-20 13:16:14.0,0,1,1,5200.00,5200.00,GREENPAY
734737,SEDIMEC,Dictámenes Licencia,448081,QWG4Q154533,MED4581,2018-12-20 14:31:03.0,0,2,2,5200.00,10400.00,GREENPAY
736455,SEDIMEC,Dictámenes Licencia,260504,LFVYQ154584,MED4581,2018-12-26 12:18:32.0,0,2,2,5200.00,10400.00,GREENPAY
736514,SEDIMEC,Dictámenes Medicos,659503,WQPQE154585,MED4581,2018-12-26 14:22:21.0,0,1,1,3300.00,3300.00,GREENPAY
736594,SEDIMEC,Dictámenes Licencia,254069,ZDLDE154586,MED4581,2018-12-26 16:59:36.0,0,2,2,5200.00,10400.00,GREENPAY
736774,SEDIMEC,Dictámenes Licencia,24058,DN5ZN154592,MED4581,2018-12-27 09:59:41.0,0,1,1,5200.00,5200.00,GREENPAY
737803,SEDIMEC,Dictámenes Licencia,542438,BECS3154627,MED4581,2018-12-31 10:19:11.0,0,1,1,5200.00,5200.00,GREENPAY
737809,SEDIMEC,Dictámenes Licencia,857896,HOHEB154627,MED4581,2018-12-31 10:47:37.0,0,1,1,5200.00,5200.00,GREENPAY
738455,SEDIMEC,Dictámenes Licencia,410134,4JWGW154645,MED4581,2019-01-02 13:17:20.0,1,1,2,5200.00,5200.00,GREENPAY
739122,SEDIMEC,Dictámenes Licencia,891133,SVCRL154654,MED4581,2019-01-03 12:42:27.0,1,1,2,5200.00,5200.00,GREENPAY
739826,SEDIMEC,Dictámenes Licencia,893740,KAGOQ154662,MED4581,2019-01-04 12:44:35.0,0,1,1,5800.00,5800.00,GREENPAY
739885,SEDIMEC,Dictámenes Licencia,755803,AJZMQ154663,MED4581,2019-01-04 13:57:49.0,0,1,1,5800.00,5800.00,GREENPAY
739923,SEDIMEC,Dictámenes Licencia,429777,AKDC6154663,MED4581,2019-01-04 14:44:24.0,0,1,1,5800.00,5800.00,GREENPAY
740307,SEDIMEC,Dictámenes Licencia,245553,J37KN154671,MED4581,2019-01-05 13:17:55.0,0,3,3,5800.00,17400.00,GREENPAY
742487,SEDIMEC,Dictámenes Licencia,802335,LPWHZ154696,MED4581,2019-01-08 10:52:05.0,0,2,2,5800.00,11600.00,GREENPAY
743915,SEDIMEC,Dictámenes Licencia,856363,GEQLE154707,MED4581,2019-01-09 15:44:26.0,0,2,2,5800.00,11600.00,GREENPAY
744797,SEDIMEC,Dictámenes Licencia,357201,7XMOH154715,MED4581,2019-01-10 15:30:04.0,0,1,1,5800.00,5800.00,GREENPAY
745434,SEDIMEC,Dictámenes Licencia,424616,ILLKZ154723,MED4581,2019-01-11 12:16:23.0,0,2,2,5800.00,11600.00,GREENPAY
745566,SEDIMEC,Dictámenes Licencia,636946,WNK4M154723,MED4581,2019-01-11 14:30:25.0,0,1,1,5800.00,5800.00,GREENPAY
745937,SEDIMEC,Dictámenes Licencia,947757,DQOKP154731,MED4581,2019-01-12 12:11:41.0,0,3,3,5800.00,17400.00,GREENPAY
746719,SEDIMEC,Dictámenes Licencia,304207,7VFJI154748,MED4581,2019-01-14 11:35:18.0,0,1,1,5800.00,5800.00,GREENPAY
748891,SEDIMEC,Dictámenes Licencia,959752,ESM35154766,MED4581,2019-01-16 14:04:50.0,0,2,2,5800.00,11600.00,GREENPAY
748991,SEDIMEC,Dictámenes Licencia,388529,BHO8P154767,MED4581,2019-01-16 15:42:00.0,0,1,1,5800.00,5800.00,GREENPAY
749853,SEDIMEC,Dictámenes Medicos,735570,B05FI154775,MED4581,2019-01-17 15:05:05.0,0,1,1,3300.00,3300.00,GREENPAY
749992,SEDIMEC,Dictámenes Licencia,208309,3GAPF154776,MED4581,2019-01-17 17:17:27.0,0,1,1,5800.00,5800.00,GREENPAY
750461,SEDIMEC,Dictámenes Licencia,960261,GM8RF154783,MED4581,2019-01-18 11:44:18.0,0,1,1,5800.00,5800.00,GREENPAY
750503,SEDIMEC,Dictámenes Licencia,579635,PMWIN154783,MED4581,2019-01-18 12:11:33.0,0,1,1,5800.00,5800.00,GREENPAY
753060,SEDIMEC,Dictámenes Licencia,965557,JUVF6154819,MED4581,2019-01-22 15:19:26.0,0,2,2,5800.00,11600.00,GREENPAY
753061,SEDIMEC,Dictámenes Licencia,835352,LBYX1154819,MED4581,2019-01-22 15:20:10.0,2,1,3,5800.00,5800.00,GREENPAY
753226,SEDIMEC,Dictámenes Licencia,204830,NGXZK154820,MED4581,2019-01-22 17:46:49.0,0,2,2,5800.00,11600.00,GREENPAY
754428,SEDIMEC,Dictámenes Licencia,944017,XBQTC154834,MED4581,2019-01-24 11:00:06.0,0,2,2,5800.00,11600.00,GREENPAY
762768,SEDIMEC,Dictámenes Licencia,933962,3GI2G154938,MED4581,2019-02-05 11:22:26.0,1,2,3,5800.00,11600.00,GREENPAY
764442,SEDIMEC,Dictámenes Medicos,161009,UUG7D154957,MED4581,2019-02-07 14:27:23.0,0,1,1,3300.00,3300.00,GREENPAY
765318,SEDIMEC,Dictámenes Licencia,394813,LAJMQ154967,MED4581,2019-02-08 18:36:31.0,0,3,3,5800.00,17400.00,GREENPAY
765915,SEDIMEC,Dictámenes Medicos,73216,2LEU9154989,MED4581,2019-02-11 09:12:59.0,0,1,1,3300.00,3300.00,GREENPAY
765995,SEDIMEC,Dictámenes Medicos,524553,PIMQD154990,MED4581,2019-02-11 10:11:46.0,0,1,1,3300.00,3300.00,GREENPAY
766047,SEDIMEC,Dictámenes Licencia,693304,KYDO0154990,MED4581,2019-02-11 10:48:17.0,0,1,1,5800.00,5800.00,GREENPAY
766326,SEDIMEC,Dictámenes Licencia,322295,0EGL6154991,MED4581,2019-02-11 14:59:27.0,0,1,1,5800.00,5800.00,GREENPAY
766862,SEDIMEC,Dictámenes Licencia,258600,R49LZ154998,MED4581,2019-02-12 10:25:37.0,0,2,2,5800.00,11600.00,GREENPAY
767096,SEDIMEC,Dictámenes Medicos,732117,QNU05155000,MED4581,2019-02-12 14:18:54.0,0,1,1,3300.00,3300.00,GREENPAY
768342,SEDIMEC,Dictámenes Licencia,983757,L08SK155016,MED4581,2019-02-14 12:18:56.0,0,1,1,5800.00,5800.00,GREENPAY
768359,SEDIMEC,Dictámenes Licencia,493822,FDQOZ155017,MED4581,2019-02-14 12:50:16.0,0,1,1,5800.00,5800.00,GREENPAY
769100,SEDIMEC,Dictámenes Licencia,978011,RGX49155026,MED4581,2019-02-15 14:34:45.0,0,1,1,5800.00,5800.00,GREENPAY
770098,SEDIMEC,Dictámenes Medicos,843698,EKKUK155051,MED4581,2019-02-18 12:02:06.0,0,1,1,3300.00,3300.00,GREENPAY
770128,SEDIMEC,Dictámenes Licencia,114817,5NXFO155051,MED4581,2019-02-18 12:27:13.0,0,1,1,5800.00,5800.00,GREENPAY
770186,SEDIMEC,Dictámenes Licencia,581337,OICYV155051,MED4581,2019-02-18 13:14:40.0,0,1,1,5800.00,5800.00,GREENPAY
770290,SEDIMEC,Dictámenes Medicos,747184,LXEXZ155052,MED4581,2019-02-18 14:47:09.0,0,1,1,3300.00,3300.00,GREENPAY
771023,SEDIMEC,Dictámenes Licencia,715481,HP6ZV155059,MED4581,2019-02-19 11:27:05.0,0,2,2,5800.00,11600.00,GREENPAY
771891,SEDIMEC,Dictámenes Licencia,566977,BFVTA155068,MED4581,2019-02-20 13:05:31.0,0,1,1,5800.00,5800.00,GREENPAY
771913,SEDIMEC,Dictámenes Licencia,692156,I0JWN155069,MED4581,2019-02-20 13:38:01.0,0,1,1,5800.00,5800.00,GREENPAY
772566,SEDIMEC,Dictámenes Medicos,905183,V90BO155077,MED4581,2019-02-21 13:43:00.0,0,1,1,3300.00,3300.00,GREENPAY
772761,SEDIMEC,Dictámenes Licencia,365433,ZMN5D155079,MED4581,2019-02-21 18:09:11.0,0,1,1,5800.00,5800.00,GREENPAY
773009,SEDIMEC,Dictámenes Licencia,497868,L0BMC155085,MED4581,2019-02-22 09:44:01.0,0,1,1,5800.00,5800.00,GREENPAY
773529,SEDIMEC,Dictámenes Licencia,198534,FEHCV155094,MED4581,2019-02-23 13:13:03.0,0,2,2,5800.00,11600.00,GREENPAY
774224,SEDIMEC,Dictámenes Licencia,230239,GDCHF155112,MED4581,2019-02-25 12:57:34.0,0,2,2,5800.00,11600.00,GREENPAY
774321,SEDIMEC,Dictámenes Medicos,913368,Y0NEQ155112,MED4581,2019-02-25 14:23:06.0,0,1,1,3300.00,3300.00,GREENPAY
776541,SEDIMEC,Dictámenes Licencia,950623,JNLCP155138,MED4581,2019-02-28 13:36:00.0,0,2,2,5800.00,11600.00,GREENPAY
777261,SEDIMEC,Dictámenes Licencia,987620,XOW8N155146,MED4581,2019-03-01 12:32:21.0,0,2,2,5800.00,11600.00,GREENPAY
778514,SEDIMEC,Dictámenes Licencia,712898,LOIBY155172,MED4581,2019-03-04 11:36:26.0,0,1,1,5800.00,5800.00,GREENPAY
779771,SEDIMEC,Dictámenes Medicos,248420,F5R8Q155181,MED4581,2019-03-05 13:29:14.0,0,1,1,3300.00,3300.00,GREENPAY
779961,SEDIMEC,Dictámenes Licencia,761770,92TYP155182,MED4581,2019-03-05 16:26:15.0,0,2,2,5800.00,11600.00,GREENPAY
780804,SEDIMEC,Dictámenes Licencia,787939,JQKDB155190,MED4581,2019-03-06 16:00:56.0,0,2,2,5800.00,11600.00,GREENPAY
781656,SEDIMEC,Dictámenes Licencia,119773,E9MPB155200,MED4581,2019-03-07 17:41:42.0,0,2,2,5800.00,11600.00,GREENPAY
781984,SEDIMEC,Dictámenes Licencia,200714,4ZQ3Y155206,MED4581,2019-03-08 10:16:37.0,0,2,2,5800.00,11600.00,GREENPAY
782140,SEDIMEC,Dictámenes Licencia,185767,XD32M155207,MED4581,2019-03-08 13:10:53.0,0,2,2,5800.00,11600.00,GREENPAY
782291,SEDIMEC,Dictámenes Licencia,707859,3VNPZ155208,MED4581,2019-03-08 16:00:52.0,0,1,1,5800.00,5800.00,GREENPAY
782328,SEDIMEC,Dictámenes Licencia,925857,SVFV5155208,MED4581,2019-03-08 16:55:34.0,0,2,2,5800.00,11600.00,GREENPAY
782530,SEDIMEC,Dictámenes Licencia,361064,Y1DYL155215,MED4581,2019-03-09 11:11:23.0,0,3,3,5800.00,17400.00,GREENPAY
783242,SEDIMEC,Dictámenes Medicos,446405,B3WFU155232,MED4581,2019-03-11 10:58:21.0,0,1,1,3300.00,3300.00,GREENPAY
783309,SEDIMEC,Dictámenes Medicos,495009,E2GND155232,MED4581,2019-03-11 11:42:46.0,0,1,1,3300.00,3300.00,GREENPAY
783369,SEDIMEC,Dictámenes Licencia,231120,VL2F3155232,MED4581,2019-03-11 12:13:48.0,0,1,1,5800.00,5800.00,GREENPAY
783371,SEDIMEC,Dictámenes Licencia,517828,TVUQZ155232,MED4581,2019-03-11 12:15:53.0,1,1,2,5800.00,5800.00,GREENPAY
784338,SEDIMEC,Dictámenes Licencia,534590,R6SVV155241,MED4581,2019-03-12 13:06:31.0,0,2,2,5800.00,11600.00,GREENPAY
785123,SEDIMEC,Dictámenes Licencia,146339,Z9KZ0155250,MED4581,2019-03-13 13:07:40.0,0,2,2,5800.00,11600.00,GREENPAY
786588,SEDIMEC,Dictámenes Licencia,822750,BE3ER155267,MED4581,2019-03-15 12:05:27.0,0,2,2,5800.00,11600.00,GREENPAY
787792,SEDIMEC,Dictámenes Licencia,508626,Z6I29155292,MED4581,2019-03-18 11:07:51.0,1,1,2,5800.00,5800.00,GREENPAY
789653,SEDIMEC,Dictámenes Licencia,139739,OX1HF155310,MED4581,2019-03-20 11:54:05.0,0,1,1,5800.00,5800.00,GREENPAY
789655,SEDIMEC,Dictámenes Licencia,576635,336TQ155310,MED4581,2019-03-20 11:54:36.0,1,2,3,5800.00,11600.00,GREENPAY
792221,SEDIMEC,Dictámenes Licencia,195436,UUHEJ155354,MED4581,2019-03-25 13:16:01.0,0,2,2,5800.00,11600.00,GREENPAY
792252,SEDIMEC,Dictámenes Licencia,161918,YABWK155354,MED4581,2019-03-25 13:39:19.0,1,1,2,5800.00,5800.00,GREENPAY
792257,SEDIMEC,Dictámenes Licencia,143097,NORY4155354,MED4581,2019-03-25 13:42:49.0,2,1,3,5800.00,5800.00,GREENPAY
793265,SEDIMEC,Dictámenes Licencia,922894,9G82F155363,MED4581,2019-03-26 15:33:42.0,0,2,2,5800.00,11600.00,GREENPAY
794229,SEDIMEC,Dictámenes Licencia,497291,NH2ER155373,MED4581,2019-03-27 18:15:20.0,0,3,3,5800.00,17400.00,GREENPAY
794738,SEDIMEC,Dictámenes Licencia,28858,1IVUE155380,MED4581,2019-03-28 13:23:39.0,0,2,2,5800.00,11600.00,GREENPAY
794947,SEDIMEC,Dictámenes Licencia,150564,ZKLUK155381,MED4581,2019-03-28 17:15:37.0,0,1,1,5800.00,5800.00,GREENPAY
798620,SEDIMEC,Dictámenes Licencia,218122,ZH3OL155432,MED4581,2019-04-03 13:53:48.0,1,1,2,5800.00,5800.00,GREENPAY
798632,SEDIMEC,Dictámenes Licencia,968026,SWJ97155432,MED4581,2019-04-03 13:59:59.0,2,1,3,5800.00,5800.00,GREENPAY
799117,SEDIMEC,Dictámenes Licencia,391633,7MCRF155439,MED4581,2019-04-04 09:47:15.0,0,2,2,5800.00,11600.00,GREENPAY
800097,SEDIMEC,Dictámenes Licencia,721410,QJ79C155449,MED4581,2019-04-05 13:55:32.0,0,1,1,5800.00,5800.00,GREENPAY
801124,SEDIMEC,Dictámenes Licencia,341719,0HKLJ155474,MED4581,2019-04-08 11:50:41.0,1,1,2,5800.00,5800.00,GREENPAY
801442,SEDIMEC,Dictámenes Licencia,982724,TVDOV155476,MED4581,2019-04-08 16:30:30.0,0,3,3,5800.00,17400.00,GREENPAY
802099,SEDIMEC,Dictámenes Licencia,808551,RPYMB155483,MED4581,2019-04-09 13:14:07.0,0,1,1,5800.00,5800.00,GREENPAY
802170,SEDIMEC,Dictámenes Licencia,109185,Z8GZX155484,MED4581,2019-04-09 14:22:13.0,0,1,1,5800.00,5800.00,GREENPAY
802196,SEDIMEC,Dictámenes Licencia,739827,ZPETR155484,MED4581,2019-04-09 14:45:39.0,0,1,1,5800.00,5800.00,GREENPAY
803255,SEDIMEC,Dictámenes Licencia,468603,EKZSF155501,MED4581,2019-04-11 14:34:19.0,0,2,2,5800.00,11600.00,GREENPAY
803902,SEDIMEC,Dictámenes Licencia,330921,AQYHQ155510,MED4581,2019-04-12 14:19:42.0,0,3,3,5800.00,17400.00,GREENPAY
803934,SEDIMEC,Dictámenes Medicos,803599,3WPNY155510,MED4581,2019-04-12 15:01:23.0,0,1,1,3300.00,3300.00,GREENPAY
805208,SEDIMEC,Dictámenes Licencia,356440,TOBJW155543,MED4581,2019-04-16 11:46:23.0,0,3,3,5800.00,17400.00,GREENPAY
805600,SEDIMEC,Dictámenes Licencia,448874,RFDHY155552,MED4581,2019-04-17 12:07:24.0,0,1,1,5800.00,5800.00,GREENPAY
805607,SEDIMEC,Dictámenes Licencia,604347,HNBFM155552,MED4581,2019-04-17 12:25:14.0,0,2,2,5800.00,11600.00,GREENPAY
806622,SEDIMEC,Dictámenes Licencia,157007,KOGOV155595,MED4581,2019-04-22 11:12:31.0,1,3,4,5800.00,17400.00,GREENPAY
807960,SEDIMEC,Dictámenes Licencia,669455,CCOCI155605,MED4581,2019-04-23 14:48:03.0,2,2,4,5800.00,11600.00,GREENPAY
808680,SEDIMEC,Dictámenes Licencia,209219,3EF0P155612,MED4581,2019-04-24 11:38:48.0,0,4,4,5800.00,23200.00,GREENPAY
808922,SEDIMEC,Dictámenes Licencia,725538,DBRGS155614,MED4581,2019-04-24 16:05:06.0,1,2,3,5800.00,11600.00,GREENPAY
809029,SEDIMEC,Dictámenes Licencia,769315,8NR7Z155615,MED4581,2019-04-24 18:12:15.0,2,1,3,5800.00,5800.00,GREENPAY
812328,SEDIMEC,Dictámenes Licencia,134693,S9AG7155664,MED4581,2019-04-30 12:01:30.0,0,3,3,5800.00,17400.00,GREENPAY
813491,SEDIMEC,Dictámenes Licencia,104143,O0DJL155682,MED4581,2019-05-02 13:02:13.0,0,2,2,5800.00,11600.00,GREENPAY
814376,SEDIMEC,Dictámenes Licencia,342358,Q7XF2155690,MED4581,2019-05-03 11:46:46.0,0,3,3,5800.00,17400.00,GREENPAY
814589,SEDIMEC,Dictámenes Licencia,993846,FBGI5155691,MED4581,2019-05-03 15:05:16.0,1,2,3,5800.00,11600.00,GREENPAY
815864,SEDIMEC,Dictámenes Licencia,436775,QI6BS155717,MED4581,2019-05-06 13:50:25.0,0,2,2,5800.00,11600.00,GREENPAY
816485,SEDIMEC,Dictámenes Licencia,416661,OPVLA155723,MED4581,2019-05-07 08:09:22.0,0,2,2,5800.00,11600.00,GREENPAY
818680,SEDIMEC,Dictámenes Licencia,531812,V4UIH155743,MED4581,2019-05-09 14:01:16.0,0,3,3,5800.00,17400.00,GREENPAY
819226,SEDIMEC,Dictámenes Licencia,355523,86HFF155750,MED4581,2019-05-10 10:10:01.0,0,1,1,5800.00,5800.00,GREENPAY
819574,SEDIMEC,Dictámenes Licencia,143128,QZZUA155752,MED4581,2019-05-10 15:51:17.0,0,3,3,5800.00,17400.00,GREENPAY
820685,SEDIMEC,Dictámenes Medicos,468735,AMRBT155777,MED4581,2019-05-13 12:29:49.0,0,1,1,3300.00,3300.00,GREENPAY
820721,SEDIMEC,Dictámenes Licencia,945564,NSKKS155777,MED4581,2019-05-13 13:00:15.0,0,1,1,5800.00,5800.00,GREENPAY
820734,SEDIMEC,Dictámenes Licencia,280059,OXIKL155777,MED4581,2019-05-13 13:11:25.0,0,1,1,5800.00,5800.00,GREENPAY
820912,SEDIMEC,Dictámenes Licencia,910811,EUZAS155778,MED4581,2019-05-13 15:26:23.0,0,3,3,5800.00,17400.00,GREENPAY
822718,SEDIMEC,Dictámenes Medicos,734477,XQII3155794,MED4581,2019-05-15 13:22:34.0,0,1,1,3300.00,3300.00,GREENPAY
822976,SEDIMEC,Dictámenes Licencia,920284,WMQX3155796,MED4581,2019-05-15 17:26:53.0,0,2,2,5800.00,11600.00,GREENPAY
823476,SEDIMEC,Dictámenes Licencia,915712,SMUZP155803,MED4581,2019-05-16 12:11:15.0,0,3,3,5800.00,17400.00,GREENPAY
823831,SEDIMEC,Dictámenes Licencia,783505,SKPAZ155804,MED4581,2019-05-16 17:37:10.0,0,3,3,5800.00,17400.00,GREENPAY
825659,SEDIMEC,Dictámenes Medicos,413153,MSTBM155837,MED4581,2019-05-20 12:21:37.0,0,1,1,3300.00,3300.00,GREENPAY
825903,SEDIMEC,Dictámenes Licencia,836545,ZCJCV155838,MED4581,2019-05-20 15:25:37.0,0,3,3,5800.00,17400.00,GREENPAY
827523,SEDIMEC,Dictámenes Licencia,836532,EOSS0155854,MED4581,2019-05-22 12:20:46.0,0,3,3,5800.00,17400.00,GREENPAY
829058,SEDIMEC,Dictámenes Licencia,699737,GEIG1155872,MED4581,2019-05-24 13:13:30.0,0,3,3,5800.00,17400.00,GREENPAY
829112,SEDIMEC,Dictámenes Medicos,560101,E1EAV155872,MED4581,2019-05-24 14:27:32.0,0,1,1,3300.00,3300.00,GREENPAY
830547,SEDIMEC,Dictámenes Licencia,89246,ZYXST155899,MED4581,2019-05-27 16:46:45.0,0,3,3,5800.00,17400.00,GREENPAY
831266,SEDIMEC,Dictámenes Licencia,560228,YKPEU155907,MED4581,2019-05-28 14:41:22.0,1,2,3,5800.00,11600.00,GREENPAY
832694,SEDIMEC,Dictámenes Licencia,16850,9LNMS155923,MED4581,2019-05-30 10:41:40.0,0,3,3,5800.00,17400.00,GREENPAY
833528,SEDIMEC,Dictámenes Licencia,592428,2I15M155932,MED4581,2019-05-31 11:56:23.0,2,1,3,5800.00,5800.00,GREENPAY
833531,SEDIMEC,Dictámenes Medicos,480374,OFP8S155932,MED4581,2019-05-31 11:59:31.0,0,1,1,3300.00,3300.00,GREENPAY
837163,SEDIMEC,Dictámenes Licencia,978876,Q9FBO155976,MED4581,2019-06-05 14:35:02.0,0,3,3,5800.00,17400.00,GREENPAY
838002,SEDIMEC,Dictámenes Licencia,761758,CGLWD155985,MED4581,2019-06-06 14:40:09.0,1,1,2,5800.00,5800.00,GREENPAY
838579,SEDIMEC,Dictámenes Medicos,87407,1ET2E155992,MED4581,2019-06-07 10:57:57.0,0,1,1,3300.00,3300.00,GREENPAY
838866,SEDIMEC,Dictámenes Licencia,396646,SGPTO155994,MED4581,2019-06-07 15:46:16.0,1,4,5,5800.00,23200.00,GREENPAY
838869,SEDIMEC,Dictámenes Medicos,65117,XFHJZ155994,MED4581,2019-06-07 15:46:53.0,0,1,1,3300.00,3300.00,GREENPAY
843169,SEDIMEC,Dictámenes Licencia,489127,H93SF156047,MED4581,2019-06-13 18:23:04.0,0,4,4,5800.00,23200.00,GREENPAY
844177,SEDIMEC,Dictámenes Licencia,950000,OYGHS156062,MED4581,2019-06-15 13:29:47.0,0,4,4,5800.00,23200.00,GREENPAY
846160,SEDIMEC,Dictámenes Licencia,812410,GUEPA156088,MED4581,2019-06-18 12:15:43.0,1,1,2,5800.00,5800.00,GREENPAY
847400,SEDIMEC,Dictámenes Licencia,117045,QDHAN156098,MED4581,2019-06-19 17:37:32.0,0,3,3,5800.00,17400.00,GREENPAY
848128,SEDIMEC,Dictámenes Licencia,257050,PO1AD156107,MED4581,2019-06-20 16:55:50.0,0,3,3,5800.00,17400.00,GREENPAY
850176,SEDIMEC,Dictámenes Licencia,440556,5HWN6156141,MED4581,2019-06-24 15:36:51.0,0,4,4,5800.00,23200.00,GREENPAY
851821,SEDIMEC,Dictámenes Medicos,893005,PU1M3156157,MED4581,2019-06-26 13:31:34.0,0,1,1,3300.00,3300.00,GREENPAY
851972,SEDIMEC,Dictámenes Licencia,14869,V3FIK156158,MED4581,2019-06-26 16:02:05.0,0,4,4,5800.00,23200.00,GREENPAY
851973,SEDIMEC,Dictámenes Medicos,408528,CJKBF156158,MED4581,2019-06-26 16:03:01.0,0,1,1,3300.00,3300.00,GREENPAY
855327,SEDIMEC,Dictámenes Licencia,989027,XVQRU156201,MED4581,2019-07-01 16:23:12.0,0,4,4,5800.00,25904.00,GREENPAY
856847,SEDIMEC,Dictámenes Licencia,856103,QARAH156218,MED4581,2019-07-03 14:52:00.0,0,1,1,5800.00,6476.00,GREENPAY
856870,SEDIMEC,Dictámenes Licencia,437313,BMO23156218,MED4581,2019-07-03 15:12:57.0,0,1,1,5800.00,6476.00,GREENPAY
856903,SEDIMEC,Dictámenes Licencia,815251,PITW5156219,MED4581,2019-07-03 15:59:17.0,0,2,2,5800.00,12952.00,GREENPAY
858684,SEDIMEC,Dictámenes Licencia,891933,XH75V156245,MED4581,2019-07-06 18:06:54.0,0,2,2,5800.00,12952.00,GREENPAY
860363,SEDIMEC,Dictámenes Licencia,273823,V8KAF156270,MED4581,2019-07-09 15:40:10.0,0,3,3,5800.00,19428.00,GREENPAY